{
  "Get Request" : {
    "transaction" : "Get Request",
    "sampleCount" : 1,
    "errorCount" : 0,
    "errorPct" : 0.0,
    "meanResTime" : 660.0,
    "medianResTime" : 660.0,
    "minResTime" : 660.0,
    "maxResTime" : 660.0,
    "pct1ResTime" : 660.0,
    "pct2ResTime" : 660.0,
    "pct3ResTime" : 660.0,
    "throughput" : 1.5151515151515151,
    "receivedKBytesPerSec" : 1.6853101325757576,
    "sentKBytesPerSec" : 0.23378314393939392
  },
  "Post Request" : {
    "transaction" : "Post Request",
    "sampleCount" : 1,
    "errorCount" : 0,
    "errorPct" : 0.0,
    "meanResTime" : 268.0,
    "medianResTime" : 268.0,
    "minResTime" : 268.0,
    "maxResTime" : 268.0,
    "pct1ResTime" : 268.0,
    "pct2ResTime" : 268.0,
    "pct3ResTime" : 268.0,
    "throughput" : 3.7313432835820897,
    "receivedKBytesPerSec" : 4.51113572761194,
    "sentKBytesPerSec" : 0.7397096548507462
  },
  "Put Request" : {
    "transaction" : "Put Request",
    "sampleCount" : 1,
    "errorCount" : 0,
    "errorPct" : 0.0,
    "meanResTime" : 259.0,
    "medianResTime" : 259.0,
    "minResTime" : 259.0,
    "maxResTime" : 259.0,
    "pct1ResTime" : 259.0,
    "pct2ResTime" : 259.0,
    "pct3ResTime" : 259.0,
    "throughput" : 3.8610038610038613,
    "receivedKBytesPerSec" : 4.649040781853282,
    "sentKBytesPerSec" : 0.7578728281853282
  },
  "Total" : {
    "transaction" : "Total",
    "sampleCount" : 3,
    "errorCount" : 0,
    "errorPct" : 0.0,
    "meanResTime" : 395.6666666666667,
    "medianResTime" : 268.0,
    "minResTime" : 259.0,
    "maxResTime" : 660.0,
    "pct1ResTime" : 660.0,
    "pct2ResTime" : 660.0,
    "pct3ResTime" : 660.0,
    "throughput" : 2.4896265560165975,
    "receivedKBytesPerSec" : 2.925635373443983,
    "sentKBytesPerSec" : 0.45545902489626555
  }
}